,LLUVIA_Aitzu-Urola,NIVEL_RIO_Aitzu-Urola,CAUDAL_RIO_Aitzu-Urola,LLUVIA_Aitzu,NIVEL_RIO_Aitzu,CAUDAL_RIO_Aitzu,LLUVIA_Aizarnazabal,NIVEL_RIO_Aizarnazabal,CAUDAL_RIO_Aizarnazabal,LLUVIA_Antzuola,LLUVIA_Arantzazu,LLUVIA_Araotz,LLUVIA_Arkaka,LLUVIA_Barrendiola,NIVEL_RIO_Barrendiola,CAUDAL_RIO_Barrendiola,LLUVIA_Barrendiola_Pluviometro,LLUVIA_Elosua,LLUVIA_Erdoizta,LLUVIA_Ibaieder,NIVEL_RIO_Ibaieder,CAUDAL_RIO_Ibaieder,LLUVIA_Lareo,LLUVIA_Lastur,LLUVIA_Laurgain,LLUVIA_Matxinbenta,NIVEL_RIO_Matxinbenta,CAUDAL_RIO_Matxinbenta,LLUVIA_Troya,LLUVIA_zumarraga,LLUVIA_azpeitia,LLUVIA_legazpi,LLUVIA_ACUMULADA centrada 12
2006-03-05 03:00:00,0.5,0.398,3.2736,0.5,0.398,3.2736,0.1,0.572,7.7184,,0.0,0.0,,0.0,0.25,0.1664,,0.0,0.0,0.4,0.312,1.6953,0.2,0.0,0.0,0.4,0.26,0.5316,,,,,3.200000000000002
2006-03-05 04:00:00,0.3,0.388,3.0643,0.3,0.388,3.0643,0.0,0.621,9.5173,,0.0,0.0,,0.0,0.24,0.1562,,0.0,0.0,0.4,0.341,2.1198,0.4,0.0,0.2,0.4,0.27,0.5848,,,,,3.200000000000002
2006-03-05 05:00:00,0.0,0.378,2.8626,0.0,0.378,2.8626,0.0,0.665,11.3422,,0.0,0.0,,0.0,0.23,0.1463,,0.0,0.0,0.0,0.37,2.6036,0.8,0.0,0.0,0.0,0.27,0.5848,,,,,3.200000000000002
2006-03-05 06:00:00,0.0,0.359,2.501,0.0,0.359,2.501,0.0,0.695,12.7018,,0.0,0.0,,0.0,0.22,0.1365,,0.0,0.0,0.0,0.374,2.6752,0.8,0.0,0.0,0.0,0.26,0.5316,,,,,2.700000000000002
2006-03-05 07:00:00,0.0,0.342,2.2023,0.0,0.342,2.2023,0.0,0.756,15.7541,,0.0,0.0,,0.0,0.22,0.1365,,0.0,0.0,0.0,0.364,2.4985,0.2,0.0,0.0,0.0,0.26,0.5316,,,,,2.0000000000000018
2006-03-05 08:00:00,0.0,0.327,1.9584,0.0,0.327,1.9584,0.0,0.764,16.1828,,0.0,0.0,,0.0,0.22,0.1365,,0.0,0.0,0.0,0.352,2.2961,0.0,0.0,0.0,0.0,0.25,0.4814,,,,,1.500000000000002
2006-03-05 09:00:00,0.0,0.315,1.7763,0.0,0.315,1.7763,0.0,0.755,15.701,,0.0,0.0,,0.0,0.21,0.127,,0.0,0.0,0.0,0.344,2.167,0.2,0.0,0.0,0.0,0.25,0.4814,,,,,0.800000000000002
2006-03-05 10:00:00,0.0,0.314,1.7616,0.0,0.314,1.7616,0.0,0.729,14.3557,,0.0,0.0,,0.0,0.21,0.127,,0.0,0.2,0.0,0.334,2.012,0.0,0.0,0.0,0.0,0.24,0.4343,,,,,0.300000000000002
2006-03-05 11:00:00,0.0,0.312,1.7326,0.0,0.312,1.7326,0.0,0.712,13.5137,,0.0,0.0,,0.0,0.21,0.127,,0.0,0.2,0.0,0.327,1.9076,0.0,0.0,0.0,0.0,0.24,0.4343,,,,,0.0
2006-03-05 12:00:00,0.0,0.31,1.7038,0.0,0.31,1.7038,0.0,0.696,12.7487,,0.0,0.0,,0.2,0.21,0.127,,0.6,0.0,0.0,0.322,1.8352,0.0,0.8,0.0,0.0,0.24,0.4343,,,,,0.0
2006-03-05 13:00:00,0.0,0.308,1.6754,0.0,0.308,1.6754,0.0,0.678,11.9199,,0.6,0.0,,0.2,0.2,0.1178,,0.2,0.0,0.0,0.318,1.7784,0.0,0.2,0.0,0.0,0.24,0.4343,,,,,0.500000000000002
2006-03-05 14:00:00,0.0,0.304,1.6194,0.0,0.304,1.6194,0.0,0.666,11.386,,0.2,0.0,,0.4,0.2,0.1178,,0.0,0.0,0.0,0.313,1.709,0.0,0.0,0.0,0.0,0.24,0.4343,,,,,0.500000000000002
2006-03-05 15:00:00,0.0,0.308,1.6754,0.0,0.308,1.6754,0.0,0.655,10.9099,,0.0,0.0,,0.4,0.2,0.1178,,0.0,0.0,0.0,0.31,1.6682,0.0,0.0,0.0,0.0,0.24,0.4343,,,,,0.600000000000002
2006-03-05 16:00:00,0.0,0.312,1.7326,0.0,0.312,1.7326,0.0,0.637,10.1577,,0.0,0.0,,0.2,0.2,0.1178,,0.0,0.0,0.0,0.31,1.6682,0.0,0.0,0.0,0.0,0.24,0.4343,,,,,0.600000000000002
2006-03-05 19:00:00,0.0,0.39,3.1056,0.0,0.39,3.1056,0.1,0.64,10.2808,,0.0,0.0,,0.2,0.2,0.1178,,0.0,0.0,0.0,0.33,1.9519,0.2,0.0,0.0,0.0,0.27,0.5848,,,,,0.800000000000002
2006-03-05 20:00:00,0.1,0.384,2.9827,0.1,0.384,2.9827,0.0,0.662,11.2114,,0.0,0.0,,0.0,0.2,0.1178,,0.0,0.0,0.1,0.335,2.0272,0.2,0.4,0.0,1.0,0.27,0.5848,,,,,1.500000000000002
2006-03-05 21:00:00,0.0,0.378,2.8626,0.0,0.378,2.8626,0.0,0.668,11.474,,0.2,0.1,,0.2,0.2,0.1178,,0.2,0.0,0.0,0.34,2.1041,0.2,0.0,0.0,0.0,0.28,0.641,,,,,1.500000000000002
2006-03-05 22:00:00,0.2,0.381,2.9223,0.2,0.381,2.9223,0.0,0.67,11.5623,,0.2,0.2,,0.0,0.2,0.1178,,0.2,0.0,0.0,0.342,2.1354,0.0,0.4,0.0,0.0,0.29,0.7003,,,,,1.700000000000002
2006-03-05 23:00:00,0.0,0.399,3.295,0.0,0.399,3.295,0.0,0.666,11.386,,0.0,0.2,,0.2,0.2,0.1178,,0.2,0.6,0.0,0.346,2.1988,0.4,0.0,0.0,0.0,0.29,0.7003,,,,,1.9000000000000021
2006-03-06 01:00:00,0.7,0.398,3.2736,0.7,0.398,3.2736,0.0,0.702,13.0325,,0.4,0.3,,0.2,0.21,0.127,,0.4,0.0,0.1,0.379,2.7663,0.2,0.2,0.0,0.2,0.34,1.0444,,,,,1.4000000000000021
2006-03-06 02:00:00,0.0,0.425,3.8731,0.0,0.425,3.8731,0.0,0.721,13.9557,,0.8,0.6,,0.4,0.22,0.1365,,0.0,0.0,0.0,0.406,3.2915,0.0,0.0,0.0,0.0,0.38,1.3784,,,,,1.4000000000000021
2006-03-06 03:00:00,0.2,0.441,4.2514,0.2,0.441,4.2514,0.0,0.754,15.648,,0.0,0.2,,0.0,0.24,0.1562,,0.4,0.0,0.0,0.436,3.9425,0.4,0.0,0.4,0.0,0.39,1.4703,,,,,1.400000000000002
2006-03-06 04:00:00,0.2,0.445,4.3487,0.2,0.445,4.3487,0.0,0.764,16.1828,,1.0,0.1,,0.6,0.25,0.1664,,0.4,0.2,0.3,0.44,4.0407,0.0,0.0,0.0,0.2,0.39,1.4703,,,,,1.6000000000000019
2006-03-06 05:00:00,0.0,0.463,4.7992,0.0,0.463,4.7992,0.0,0.788,17.5079,,0.0,0.1,,0.2,0.27,0.1875,,0.0,0.0,0.0,0.442,4.0895,0.0,0.0,0.0,0.0,0.39,1.4703,,,,,1.500000000000002
2006-03-06 06:00:00,0.0,0.468,4.928,0.0,0.468,4.928,0.0,0.802,18.3077,,0.0,0.1,,0.2,0.28,0.1984,,0.0,0.0,0.0,0.441,4.0651,0.4,0.0,0.0,0.0,0.38,1.3784,,,,,1.500000000000002
2006-03-06 07:00:00,0.0,0.476,5.1372,0.0,0.476,5.1372,0.0,0.804,18.4235,,0.2,0.0,,0.0,0.29,0.2095,,0.0,0.2,0.9,0.436,3.9425,0.0,0.2,0.0,0.2,0.38,1.3784,,,,,1.500000000000002
2006-03-06 08:00:00,0.1,0.493,5.5947,0.1,0.493,5.5947,0.1,0.808,18.6564,,0.0,0.1,,0.2,0.29,0.2095,,0.0,0.4,0.1,0.431,3.829,0.2,0.0,0.0,0.0,0.38,1.3784,,,,,0.800000000000002
2006-03-06 09:00:00,0.2,0.502,5.8441,0.2,0.502,5.8441,0.0,0.81,18.7734,,0.0,0.1,,0.2,0.29,0.2095,,0.2,0.0,0.1,0.432,3.8515,0.2,0.0,0.0,0.0,0.38,1.3784,,,,,0.800000000000002
2006-03-06 10:00:00,0.1,0.5,5.7882,0.1,0.5,5.7882,0.0,0.818,19.2455,,0.0,0.4,,0.2,0.3,0.2208,,0.0,0.0,0.0,0.464,4.6421,0.0,0.0,0.0,0.0,0.38,1.3784,,,,,0.6000000000000021
2006-03-06 11:00:00,0.0,0.492,5.5673,0.0,0.492,5.5673,0.0,0.835,20.2696,,0.0,0.0,,0.0,0.32,0.244,,0.0,0.0,0.1,0.56,7.3893,0.2,0.0,0.0,0.0,0.38,1.3784,,,,,0.400000000000002
2006-03-06 12:00:00,0.0,0.486,5.4042,0.0,0.486,5.4042,0.0,0.841,20.6378,,0.0,0.0,,0.0,0.34,0.2681,,0.0,0.0,0.0,0.565,7.5468,0.4,0.0,0.0,0.0,0.38,1.3784,,,,,0.400000000000002
2006-03-06 13:00:00,0.0,0.505,5.9283,0.0,0.505,5.9283,0.6,0.914,25.3905,,0.0,0.0,,0.2,0.36,0.2929,,0.0,0.0,0.1,0.566,7.5784,0.8,0.2,3.8,0.2,0.4,1.5655,,,,,0.400000000000002
2006-03-06 14:00:00,0.0,0.518,6.2993,0.0,0.518,6.2993,0.0,0.918,25.6651,,0.4,0.1,,0.0,0.38,0.3185,,0.0,0.0,0.2,0.568,7.6419,0.0,0.8,0.0,0.0,0.41,1.6641,,,,,0.400000000000002
2006-03-06 15:00:00,0.0,0.534,6.7697,0.0,0.534,6.7697,1.1,0.92,25.803,,0.0,0.0,,0.0,0.4,0.3448,,0.0,0.0,0.0,0.576,7.8981,0.2,0.6,0.0,0.2,0.42,1.7662,,,,,0.30000000000000204
2006-03-06 16:00:00,0.0,0.533,6.7399,0.0,0.533,6.7399,0.0,0.931,26.5677,,0.0,0.0,,0.4,0.41,0.3583,,0.4,0.0,0.1,0.582,8.0925,0.6,0.2,0.0,0.0,0.43,1.8716,,,,,0.100000000000002
2006-03-06 17:00:00,0.0,0.548,7.1936,0.0,0.548,7.1936,1.0,0.956,28.3453,,0.0,0.0,,0.0,0.46,0.4283,,0.0,0.4,0.1,0.632,9.7876,0.2,0.2,0.0,0.0,0.42,1.7662,,,,,0.0
2006-03-06 18:00:00,0.0,0.564,7.6918,0.0,0.564,7.6918,0.0,0.981,30.177,,0.0,0.0,,0.0,0.46,0.4283,,0.0,0.2,0.2,0.644,10.2141,0.0,0.0,0.4,0.6,0.42,1.7662,,,,,0.0
2006-03-06 19:00:00,0.0,0.563,7.6602,0.0,0.563,7.6602,0.0,1.011,32.4441,,0.2,0.0,,0.0,0.45,0.4139,,0.0,0.0,0.0,0.646,10.2859,0.0,0.0,0.0,0.0,0.41,1.6641,,,,,0.0
2006-03-06 20:00:00,0.0,0.564,7.6918,0.0,0.564,7.6918,0.0,1.035,34.3106,,0.2,0.0,,0.0,0.44,0.3997,,0.0,0.0,0.0,0.648,10.3579,0.2,0.6,0.0,0.0,0.4,1.5655,,,,,0.0
2006-03-06 21:00:00,0.0,0.568,7.8187,0.0,0.568,7.8187,0.0,1.044,35.0223,,0.0,0.0,,0.2,0.44,0.3997,,0.0,0.2,0.0,0.648,10.3579,0.0,0.0,0.0,0.0,0.4,1.5655,,,,,0.0
2006-03-06 22:00:00,0.0,0.553,7.3477,0.0,0.553,7.3477,0.0,1.048,35.3407,,0.0,0.1,,0.0,0.43,0.3857,,0.0,0.0,0.0,0.648,10.3579,0.0,0.0,0.0,0.0,0.39,1.4703,,,,,0.0
2006-03-06 23:00:00,0.0,0.542,7.0105,0.0,0.542,7.0105,0.0,1.045,35.1018,,0.0,0.0,,0.0,0.42,0.3719,,0.0,0.0,0.0,0.644,10.2141,0.0,0.0,0.0,0.0,0.38,1.3784,,,,,0.0
2006-03-07 00:00:00,0.0,0.536,6.8296,0.0,0.536,6.8296,0.0,1.032,34.0748,,0.0,0.0,,0.0,0.42,0.3719,,0.0,0.0,0.0,0.64,10.0711,0.0,0.0,0.0,0.0,0.38,1.3784,,,,,0.0
2006-03-07 01:00:00,0.0,0.526,6.5326,0.0,0.526,6.5326,0.0,1.021,33.2162,,0.0,0.0,,0.0,0.41,0.3583,,0.0,0.0,0.0,0.634,9.8582,0.0,0.0,0.0,0.0,0.37,1.2899,,,,,0.0
2006-03-07 02:00:00,0.0,0.518,6.2993,0.0,0.518,6.2993,0.0,1.006,32.0611,,0.0,0.0,,0.0,0.4,0.3448,,0.0,0.0,0.0,0.627,9.6122,0.0,0.0,0.0,0.0,0.36,1.2047,,,,,0.0
2006-03-07 03:00:00,0.0,0.51,6.0698,0.0,0.51,6.0698,0.0,0.99,30.8493,,0.0,0.0,,0.0,0.39,0.3316,,0.0,0.0,0.0,0.622,9.438,0.0,0.0,0.0,0.0,0.36,1.2047,,,,,0.0
2006-03-07 04:00:00,0.0,0.5,5.7882,0.0,0.5,5.7882,0.0,0.976,29.8064,,0.0,0.0,,0.0,0.39,0.3316,,0.0,0.0,0.0,0.616,9.2307,0.0,0.0,0.0,0.0,0.35,1.1229,,,,,0.100000000000002
2006-03-07 05:00:00,0.0,0.496,5.6773,0.0,0.496,5.6773,0.0,0.966,29.0716,,0.0,0.0,,0.0,0.38,0.3185,,0.0,0.0,0.0,0.611,9.0595,0.0,0.0,0.0,0.0,0.34,1.0444,,,,,0.100000000000002
2006-03-07 06:00:00,0.0,0.486,5.4042,0.0,0.486,5.4042,0.0,0.95,27.9137,,0.0,0.0,,0.0,0.37,0.3056,,0.0,0.0,0.0,0.606,8.8895,0.0,0.0,0.0,0.0,0.34,1.0444,,,,,0.30000000000000204
2006-03-07 07:00:00,0.0,0.48,5.2432,0.0,0.48,5.2432,0.0,0.941,27.2722,,0.0,0.0,,0.0,0.36,0.2929,,0.0,0.0,0.0,0.604,8.8219,0.0,0.0,0.0,0.0,0.33,0.9691,,,,,0.500000000000002
2006-03-07 08:00:00,0.0,0.477,5.1636,0.0,0.477,5.1636,0.1,0.93,26.4977,,0.0,0.0,,0.2,0.36,0.2929,,0.0,0.0,0.1,0.602,8.7545,0.0,0.0,0.0,0.0,0.33,0.9691,,,,,0.6000000000000021
2006-03-07 09:00:00,0.1,0.474,5.0845,0.1,0.474,5.0845,0.0,0.924,26.0798,,0.0,0.0,,0.0,0.36,0.2929,,0.0,0.0,0.1,0.6,8.6874,0.0,0.0,0.0,0.0,0.33,0.9691,,,,,0.800000000000002
2006-03-07 10:00:00,0.0,0.472,5.0321,0.0,0.472,5.0321,0.0,0.912,25.2537,,0.0,0.0,,0.0,0.35,0.2804,,0.0,0.0,0.1,0.595,8.5204,0.0,0.0,0.0,0.0,0.32,0.8971,,,,,1.100000000000002
2006-03-07 11:00:00,0.2,0.468,4.928,0.2,0.468,4.928,0.2,0.908,24.9812,,0.0,0.0,,0.2,0.35,0.2804,,0.2,0.2,0.2,0.664,10.9414,0.2,0.4,0.0,0.2,0.32,0.8971,,,,,1.300000000000002
2006-03-07 12:00:00,0.2,0.478,5.1901,0.2,0.478,5.1901,0.0,0.902,24.5752,,0.0,0.1,,0.0,0.35,0.2804,,0.2,0.2,0.2,0.662,10.8677,0.2,0.0,0.2,0.2,0.32,0.8971,,,,,1.4000000000000021
2006-03-07 13:00:00,0.1,0.483,5.3234,0.1,0.483,5.3234,0.0,0.924,26.0798,,,0.0,,0.0,0.36,0.2929,,0.2,0.0,0.3,0.75,14.2975,0.2,0.2,0.0,0.2,0.33,0.9691,,,,,1.4000000000000021
2006-03-07 14:00:00,0.2,0.494,5.6222,0.2,0.494,5.6222,0.0,0.931,26.5677,,,0.0,,0.2,0.36,0.2929,,0.2,0.0,0.2,0.75,14.2975,0.0,0.2,0.0,0.2,0.34,1.0444,,,,,1.4000000000000021
2006-03-07 15:00:00,0.3,0.498,5.7327,0.3,0.498,5.7327,0.3,0.972,29.5114,,,0.3,,0.2,0.38,0.3185,,0.2,0.4,0.0,0.754,14.4625,0.2,0.2,0.0,0.0,0.35,1.1229,,,,,1.4000000000000021
2006-03-07 16:00:00,0.2,0.532,6.7101,0.2,0.532,6.7101,0.0,0.976,29.8064,,,0.0,,0.4,0.41,0.3583,,0.0,0.2,0.3,0.758,14.6282,0.4,0.0,0.2,0.0,0.36,1.2047,,,,,1.300000000000002
2006-03-07 18:00:00,0.0,0.574,8.0107,0.0,0.574,8.0107,0.0,0.992,30.9996,,,0.0,,0.0,0.48,0.4575,,0.0,0.0,0.1,0.574,7.8337,0.0,0.0,0.0,0.0,0.38,1.3784,,,,,1.100000000000002
2006-03-07 19:00:00,0.0,0.572,7.9464,0.0,0.572,7.9464,0.0,0.994,31.1503,,,0.0,,0.0,0.48,0.4575,,0.0,0.0,0.0,0.568,7.6419,0.0,0.0,0.0,0.0,0.38,1.3784,,,,,0.900000000000002
2006-03-07 20:00:00,0.0,0.564,7.6918,0.0,0.564,7.6918,0.0,0.944,27.4852,,,0.0,,0.0,0.48,0.4575,,0.0,0.0,0.0,0.57,7.7056,0.0,0.0,0.0,0.0,0.38,1.3784,,,,,0.800000000000002
2006-03-07 21:00:00,0.0,0.557,7.472,0.0,0.557,7.472,0.0,0.941,27.2722,,,0.0,,0.0,0.47,0.4428,,0.0,0.0,0.0,0.571,7.7376,0.0,0.0,0.0,0.0,0.37,1.2899,,,,,0.600000000000002
2006-03-07 22:00:00,0.0,0.548,7.1936,0.0,0.548,7.1936,0.0,0.948,27.7705,,,0.0,,0.0,0.46,0.4283,,0.2,0.0,0.1,0.57,7.7056,0.0,0.0,0.0,0.0,0.37,1.2899,,,,,0.30000000000000204
2006-03-07 23:00:00,0.0,0.541,6.9802,0.0,0.541,6.9802,0.0,0.946,27.6277,,,0.0,,0.0,0.46,0.4283,,0.0,0.0,0.0,0.569,7.6738,0.0,0.0,0.0,0.0,0.36,1.2047,,,,,0.200000000000002
2006-03-08 00:00:00,0.0,0.538,6.8896,0.0,0.538,6.8896,0.0,0.945,27.5564,,,0.0,,0.0,0.45,0.4139,,0.0,0.0,0.0,0.567,7.6102,0.0,0.0,0.0,0.0,0.36,1.2047,,,,,0.100000000000002
2006-03-08 01:00:00,0.0,0.531,6.6804,0.0,0.531,6.6804,0.0,0.934,26.7781,,,0.0,,0.0,0.44,0.3997,,0.0,0.0,0.0,0.566,7.5784,0.0,0.0,0.0,0.0,0.36,1.2047,,,,,0.100000000000002
2006-03-08 02:00:00,0.0,0.524,6.4739,0.0,0.524,6.4739,0.0,0.931,26.5677,,,0.0,,0.0,0.43,0.3857,,0.0,0.0,0.0,0.565,7.5468,0.0,0.0,0.0,0.0,0.35,1.1229,,,,,0.100000000000002
2006-03-08 03:00:00,0.0,0.52,6.3573,0.0,0.52,6.3573,0.0,0.92,25.803,,,0.1,,0.0,0.43,0.3857,,0.0,0.0,0.0,0.562,7.4521,0.0,0.2,0.0,0.0,0.35,1.1229,,,,,0.100000000000002
2006-03-08 04:00:00,0.1,0.518,6.2993,0.1,0.518,6.2993,0.0,0.918,25.6651,,,0.0,,0.0,0.43,0.3857,,0.0,0.0,0.0,0.558,7.3267,0.2,0.0,0.0,0.0,0.34,1.0444,,,,,0.100000000000002
2006-03-08 05:00:00,0.0,0.511,6.0983,0.0,0.511,6.0983,0.0,0.91,25.1173,,,0.0,,0.0,0.42,0.3719,,0.0,0.0,0.0,0.558,7.3267,0.0,0.0,0.0,0.0,0.34,1.0444,,,,,0.100000000000002
2006-03-08 06:00:00,0.0,0.503,5.8721,0.0,0.503,5.8721,0.0,0.906,24.8455,,,0.0,,0.0,0.41,0.3583,,0.0,0.0,0.0,0.554,7.2022,0.0,0.0,0.0,0.0,0.34,1.0444,,,,,0.100000000000002
2006-03-08 07:00:00,0.0,0.499,5.7604,0.0,0.499,5.7604,0.0,0.9,24.4406,,,0.0,,0.0,0.41,0.3583,,0.0,0.0,0.0,0.55,7.0785,0.0,0.0,0.0,0.0,0.33,0.9691,,,,,0.100000000000002
2006-03-08 08:00:00,0.0,0.496,5.6773,0.0,0.496,5.6773,0.0,0.894,24.039,,,0.0,,0.0,0.4,0.3448,,0.0,0.0,0.0,0.548,7.017,0.0,0.0,0.0,0.0,0.33,0.9691,,,,,0.100000000000002
2006-03-08 09:00:00,0.0,0.49,5.5127,0.0,0.49,5.5127,0.0,0.89,23.7731,,,0.0,,0.0,0.4,0.3448,,0.0,0.0,0.0,0.445,4.1631,0.0,0.0,0.0,0.0,0.33,0.9691,,,,,0.100000000000002
2006-03-08 10:00:00,0.0,0.486,5.4042,0.0,0.486,5.4042,0.0,0.884,23.377,,,0.0,,0.0,0.39,0.3316,,0.0,0.0,0.0,0.411,3.395,0.0,0.0,0.0,0.0,0.32,0.8971,,,,,0.100000000000002
2006-03-08 11:00:00,0.0,0.482,5.2966,0.0,0.482,5.2966,0.0,0.859,21.7631,,,0.0,,0.0,0.38,0.3185,,0.0,0.0,0.0,0.406,3.2915,0.0,0.0,0.0,0.0,0.32,0.8971,,,,,0.0
2006-03-08 12:00:00,0.0,0.478,5.1901,0.0,0.478,5.1901,0.0,0.834,20.2086,,,0.0,,0.0,0.38,0.3185,,0.0,0.0,0.0,0.405,3.2711,0.0,0.0,0.0,0.0,0.32,0.8971,,,,,0.0
2006-03-08 13:00:00,0.0,0.472,5.0321,0.0,0.472,5.0321,0.0,0.82,19.3645,,,0.0,,0.0,0.38,0.3185,,0.0,0.0,0.0,0.397,3.1102,0.0,0.0,0.0,0.0,0.31,0.8283,,,,,0.0
2006-03-08 14:00:00,0.0,0.469,4.9539,0.0,0.469,4.9539,0.0,0.815,19.0677,,,0.0,,0.0,0.38,0.3185,,0.0,0.0,0.0,0.386,2.8971,0.0,0.0,0.0,0.0,0.31,0.8283,,,,,0.0
2006-03-08 15:00:00,0.0,0.462,4.7737,0.0,0.462,4.7737,0.0,0.811,18.8321,,,0.0,0.0,0.0,0.37,0.3056,,0.0,0.0,0.0,0.386,2.8971,0.0,0.0,0.0,0.0,0.31,0.8283,,,,,0.0
2006-03-08 16:00:00,0.0,0.46,4.7227,0.0,0.46,4.7227,0.0,0.806,18.5397,,,0.0,0.0,0.0,0.37,0.3056,,0.0,0.0,0.0,0.384,2.8594,0.0,0.0,0.0,0.0,0.31,0.8283,,,,,0.0
2006-03-08 17:00:00,0.0,0.455,4.5965,0.0,0.455,4.5965,0.0,0.801,18.2499,,,0.0,0.0,0.0,0.36,0.2929,,0.0,0.0,0.0,0.384,2.8594,0.0,0.0,0.0,0.0,0.31,0.8283,,,,,0.0
2006-03-08 18:00:00,0.0,0.452,4.5215,0.0,0.452,4.5215,0.0,0.794,17.8483,,,0.0,0.0,0.0,0.36,0.2929,,0.0,0.0,0.0,0.384,2.8594,0.0,0.0,0.0,0.0,0.3,0.7627,,,,,0.0
2006-03-08 19:00:00,0.0,0.448,4.4224,0.0,0.448,4.4224,0.0,0.792,17.7344,,,0.0,0.0,0.0,0.35,0.2804,,0.0,0.0,0.0,0.38,2.7848,0.0,0.0,0.0,0.0,0.3,0.7627,,,,,0.0
2006-03-08 20:00:00,0.0,0.442,4.2756,0.0,0.442,4.2756,0.0,0.788,17.5079,,,0.0,0.0,0.0,0.35,0.2804,,0.0,0.0,0.0,0.377,2.7296,0.0,0.0,0.0,0.0,0.3,0.7627,,,,,0.0
2006-03-08 21:00:00,0.0,0.44,4.2272,0.0,0.44,4.2272,0.0,0.779,17.0042,,,0.0,0.0,0.0,0.34,0.2681,,0.0,0.0,0.0,0.374,2.6752,0.0,0.0,0.0,0.0,0.29,0.7003,,,,,0.0
2006-03-08 22:00:00,0.0,0.436,4.1312,0.0,0.436,4.1312,0.0,0.778,16.9487,,,0.0,0.0,0.0,0.34,0.2681,,0.0,0.0,0.0,0.372,2.6392,0.0,0.0,0.0,0.0,0.29,0.7003,,,,,0.0
2006-03-08 23:00:00,0.0,0.434,4.0835,0.0,0.434,4.0835,0.0,0.771,16.5633,,,0.0,0.0,0.0,0.33,0.2559,,0.0,0.0,0.0,0.368,2.5683,0.0,0.0,0.0,0.0,0.29,0.7003,,,,,0.0
2006-03-09 00:00:00,0.0,0.427,3.9193,0.0,0.427,3.9193,0.0,0.768,16.3996,,,0.0,0.0,0.0,0.33,0.2559,,0.0,0.0,0.0,0.366,2.5332,0.0,0.0,0.0,0.0,0.29,0.7003,,,,,0.0
2006-03-09 01:00:00,0.0,0.424,3.8501,0.0,0.424,3.8501,0.0,0.764,16.1828,,,0.0,0.0,0.0,0.32,0.244,,0.0,0.0,0.0,0.364,2.4985,0.0,0.0,0.0,0.0,0.29,0.7003,,,,,0.0
2006-03-09 02:00:00,0.0,0.422,3.8043,0.0,0.422,3.8043,0.0,0.754,15.648,,,0.0,0.0,0.0,0.32,0.244,,0.0,0.0,0.0,0.362,2.464,0.0,0.0,0.0,0.0,0.28,0.641,,,,,0.0
2006-03-09 03:00:00,0.0,0.42,3.7587,0.0,0.42,3.7587,0.0,0.754,15.648,,,0.0,0.0,0.0,0.32,0.244,,0.0,0.0,0.0,0.36,2.4298,0.0,0.0,0.0,0.0,0.28,0.641,,,,,0.0
2006-03-09 04:00:00,0.0,0.414,3.6232,0.0,0.414,3.6232,0.0,0.746,15.2275,,,0.0,0.0,0.0,0.31,0.2323,,0.0,0.0,0.0,0.358,2.396,0.0,0.0,0.0,0.0,0.28,0.641,,,,,0.0
2006-03-09 05:00:00,0.0,0.411,3.5564,0.0,0.411,3.5564,0.0,0.742,15.0197,,,0.0,0.0,0.0,0.31,0.2323,,0.0,0.0,0.0,0.356,2.3624,0.0,0.0,0.0,0.0,0.28,0.641,,,,,0.0
2006-03-09 06:00:00,0.0,0.408,3.4901,0.0,0.408,3.4901,0.0,0.738,14.8135,,,0.0,0.0,0.0,0.3,0.2208,,0.0,0.0,0.0,0.354,2.3291,0.0,0.0,0.0,0.0,0.28,0.641,,,,,0.0
2006-03-09 07:00:00,0.0,0.403,3.381,0.0,0.403,3.381,0.0,0.73,14.4061,,,0.0,0.0,0.0,0.3,0.2208,,0.0,0.0,0.0,0.352,2.2961,0.0,0.0,0.0,0.0,0.27,0.5848,,,,,0.0
2006-03-09 08:00:00,0.0,0.404,3.4027,0.0,0.404,3.4027,0.0,0.73,14.4061,,,0.0,0.0,0.0,0.3,0.2208,,0.0,0.0,0.0,0.352,2.2961,0.0,0.0,0.0,0.0,0.27,0.5848,,,,,0.100000000000002
2006-03-09 09:00:00,0.0,0.404,3.4027,0.0,0.404,3.4027,0.0,0.728,14.3053,,,0.0,0.0,0.0,0.29,0.2095,,0.0,0.0,0.0,0.35,2.2634,0.0,0.0,0.0,0.0,0.27,0.5848,,,,,0.700000000000002
2006-03-09 10:00:00,0.0,0.4,3.3164,0.0,0.4,3.3164,0.0,0.724,14.1049,,,0.0,0.0,0.0,0.29,0.2095,,0.0,0.0,0.0,0.348,2.231,0.0,0.0,0.0,0.0,0.27,0.5848,,,,,0.700000000000002
2006-03-09 11:00:00,0.0,0.398,3.2736,0.0,0.398,3.2736,0.0,0.724,14.1049,,,0.0,0.0,0.0,0.29,0.2095,,0.0,0.0,0.0,0.346,2.1988,0.0,0.0,0.0,0.0,0.27,0.5848,,,,,0.8000000000000019
2006-03-09 12:00:00,0.0,0.398,3.2736,0.0,0.398,3.2736,0.0,0.716,13.7092,,,0.0,0.0,0.0,0.29,0.2095,,0.0,0.2,0.0,0.342,2.1354,0.0,0.0,0.2,0.0,0.27,0.5848,,,,,0.8000000000000019
2006-03-09 13:00:00,0.1,0.395,3.2101,0.1,0.395,3.2101,0.2,0.716,13.7092,,,0.3,0.0,0.0,0.29,0.2095,,0.0,0.4,0.0,0.342,2.1354,0.0,0.4,0.4,0.0,0.27,0.5848,,,,,0.8000000000000019
2006-03-09 15:00:00,0.0,0.47,4.9799,0.0,0.47,4.9799,0.0,0.718,13.8075,,,0.0,0.0,0.2,0.38,0.3185,,0.0,0.0,0.1,0.346,2.1988,0.0,0.0,0.0,0.2,0.28,0.641,,,,,0.9000000000000019
2006-03-09 16:00:00,0.1,0.445,4.3487,0.1,0.445,4.3487,0.0,0.728,14.3053,,,0.1,0.0,0.0,0.37,0.3056,,0.2,0.2,0.4,0.346,2.1988,0.2,0.4,0.0,0.0,0.28,0.641,,,,,0.9000000000000019
2006-03-09 17:00:00,0.0,0.432,4.0361,0.0,0.432,4.0361,0.0,0.726,14.2049,,,0.0,0.2,0.0,0.36,0.2929,,0.0,0.0,0.0,0.346,2.1988,0.4,0.0,0.0,0.0,0.28,0.641,,,,,1.000000000000002
2006-03-09 18:00:00,0.0,0.426,3.8962,0.0,0.426,3.8962,0.0,0.728,14.3053,,,0.0,0.0,0.0,0.34,0.2681,,0.0,0.0,0.0,0.346,2.1988,0.0,0.0,0.0,0.0,0.28,0.641,,,,,1.000000000000002
2006-03-09 19:00:00,0.1,0.42,3.7587,0.1,0.42,3.7587,0.0,0.728,14.3053,,,0.0,0.0,0.0,0.33,0.2559,,0.0,0.0,0.0,0.345,2.1829,0.0,0.0,0.0,0.2,0.27,0.5848,,,,,1.000000000000002
2006-03-09 20:00:00,0.0,0.416,3.6681,0.0,0.416,3.6681,0.0,0.733,14.5581,,,0.0,0.0,0.0,0.32,0.244,,0.0,0.0,0.0,0.344,2.167,0.0,0.0,0.0,0.0,0.27,0.5848,,,,,0.900000000000002
2006-03-09 21:00:00,0.0,0.416,3.6681,0.0,0.416,3.6681,0.0,0.74,14.9164,,,0.0,0.0,0.2,0.32,0.244,,0.0,0.0,0.1,0.342,2.1354,0.0,0.0,0.0,0.0,0.27,0.5848,,,,,0.30000000000000204
2006-03-09 22:00:00,0.1,0.416,3.6681,0.1,0.416,3.6681,0.0,0.728,14.3053,,,0.1,0.2,0.2,0.32,0.244,,0.2,0.0,0.0,0.342,2.1354,0.0,0.0,0.0,0.2,0.27,0.5848,,,,,0.30000000000000204
2006-03-09 23:00:00,0.0,0.42,3.7587,0.0,0.42,3.7587,0.1,0.726,14.2049,,,0.0,0.0,0.0,0.32,0.244,,0.0,0.0,0.1,0.342,2.1354,0.0,0.0,0.0,0.0,0.27,0.5848,,,,,0.30000000000000204
2006-03-10 00:00:00,0.0,0.414,3.6232,0.0,0.414,3.6232,0.2,0.726,14.2049,,,0.0,0.0,0.0,0.31,0.2323,,0.0,0.6,0.0,0.342,2.1354,0.0,0.8,0.4,0.0,0.26,0.5316,,,,,0.30000000000000204
2006-03-10 01:00:00,0.0,0.409,3.5121,0.0,0.409,3.5121,0.5,0.717,13.7583,,,0.0,0.0,0.0,0.31,0.2323,,0.0,0.0,0.0,0.34,2.1041,0.0,0.4,0.8,0.2,0.26,0.5316,,,,,0.30000000000000204
2006-03-10 02:00:00,0.0,0.408,3.4901,0.0,0.408,3.4901,0.0,0.722,14.0054,,,0.0,0.0,0.0,0.3,0.2208,,0.0,0.0,0.0,0.34,2.1041,0.0,0.0,0.0,0.0,0.26,0.5316,,,,,0.200000000000002
2006-03-10 03:00:00,0.0,0.406,3.4463,0.0,0.406,3.4463,0.0,0.715,13.6601,,,0.0,0.0,0.0,0.29,0.2095,,0.0,0.0,0.0,0.338,2.0731,0.0,0.0,0.0,0.0,0.26,0.5316,,,,,0.200000000000002
2006-03-10 04:00:00,0.1,0.4,3.3164,0.1,0.4,3.3164,0.0,0.712,13.5137,,,0.0,0.0,0.0,0.29,0.2095,,0.0,0.0,0.0,0.338,2.0731,0.0,0.2,0.0,0.0,0.26,0.5316,,,,,0.200000000000002
2006-03-10 05:00:00,0.0,0.4,3.3164,0.0,0.4,3.3164,0.0,0.711,13.4651,,,0.0,0.0,0.0,0.29,0.2095,,0.0,0.0,0.0,0.336,2.0424,0.0,0.0,0.0,0.0,0.26,0.5316,,,,,0.100000000000002
2006-03-10 06:00:00,0.0,0.398,3.2736,0.0,0.398,3.2736,0.0,0.704,13.1279,,,0.0,0.0,0.2,0.29,0.2095,,0.0,0.2,0.0,0.336,2.0424,0.0,0.0,0.0,0.0,0.26,0.5316,,,,,0.100000000000002
2006-03-10 07:00:00,0.0,0.4,3.3164,0.0,0.4,3.3164,0.0,0.706,13.2237,,,0.3,0.0,0.0,0.29,0.2095,,0.0,0.0,0.0,0.336,2.0424,0.0,0.0,0.0,0.0,0.26,0.5316,,,,,0.100000000000002
2006-03-10 08:00:00,0.0,0.404,3.4027,0.0,0.404,3.4027,0.0,0.698,12.8429,,,0.0,0.2,0.0,0.29,0.2095,,0.0,0.0,0.0,0.335,2.0272,0.0,0.0,0.0,0.0,0.26,0.5316,,,,,0.100000000000002
2006-03-10 09:00:00,0.0,0.407,3.4682,0.0,0.407,3.4682,0.0,0.698,12.8429,,,0.0,0.0,0.0,0.28,0.1984,,0.0,0.0,0.0,0.334,2.012,0.0,0.0,0.0,0.0,0.26,0.5316,,,,,0.700000000000002
2006-03-10 10:00:00,0.0,0.403,3.381,0.0,0.403,3.381,0.0,0.696,12.7487,,,0.0,0.0,0.0,0.28,0.1984,,0.0,0.0,0.0,0.334,2.012,0.0,0.0,0.0,0.0,0.25,0.4814,,,,,1.000000000000002
2006-03-10 11:00:00,0.0,0.398,3.2736,0.0,0.398,3.2736,0.0,0.692,12.5616,,,0.0,0.0,0.0,0.27,0.1875,,0.0,0.0,0.0,0.332,1.9818,0.0,0.0,0.0,0.0,0.25,0.4814,,,,,1.1000000000000019
2006-03-10 12:00:00,0.0,0.394,3.189,0.0,0.394,3.189,0.0,0.694,12.655,,,0.0,0.0,0.0,0.27,0.1875,,0.0,0.0,0.0,0.33,1.9519,0.0,0.0,0.0,0.0,0.25,0.4814,,,,,1.400000000000002
2006-03-10 13:00:00,0.0,0.386,3.0234,0.0,0.386,3.0234,0.0,0.692,12.5616,,,0.0,0.0,0.0,0.27,0.1875,,0.0,0.0,0.0,0.33,1.9519,0.0,0.0,0.0,0.0,0.25,0.4814,,,,,1.6000000000000019
2006-03-10 14:00:00,0.6,0.388,3.0643,0.6,0.388,3.0643,0.2,0.694,12.655,,,0.0,0.0,0.0,0.27,0.1875,,0.4,0.0,0.4,0.33,1.9519,0.0,0.2,0.0,0.6,0.26,0.5316,,,,,2.200000000000002
2006-03-10 16:00:00,0.2,0.453,4.5464,0.2,0.453,4.5464,0.2,0.696,12.7487,,,0.2,0.2,0.2,0.31,0.2323,,0.4,0.0,0.2,0.342,2.1354,0.4,0.2,0.2,0.2,0.28,0.641,,,,,3.0000000000000018
2006-03-10 20:00:00,0.4,0.616,9.4113,0.4,0.616,9.4113,0.1,0.798,18.0772,,,0.3,0.4,0.4,0.57,0.5971,,0.4,0.0,0.3,0.456,4.4377,0.2,0.2,0.2,0.6,0.41,1.6641,,,,,4.600000000000002
2006-03-13 03:00:00,0.0,0.593,8.632,0.0,0.593,8.632,0.0,1.186,47.0501,,,0.0,0.0,0.0,0.45,0.4139,,0.0,0.0,0.0,0.696,12.1473,0.0,0.0,0.0,0.0,0.41,1.6641,0.0,,,,0.0
2006-03-13 04:00:00,0.0,0.586,8.4007,0.0,0.586,8.4007,0.0,1.173,45.8895,,,0.0,0.0,0.0,0.43,0.3857,,0.0,0.0,0.0,0.688,11.841,0.0,0.0,0.0,0.0,0.4,1.5655,0.0,,,,0.0
2006-03-13 05:00:00,0.0,0.577,8.1074,0.0,0.577,8.1074,0.0,1.154,44.2141,,,0.0,0.0,0.0,0.43,0.3857,,0.0,0.0,0.0,0.679,11.5002,0.0,0.0,0.0,0.0,0.4,1.5655,0.0,,,,0.0
2006-03-13 06:00:00,0.0,0.57,7.8824,0.0,0.57,7.8824,0.0,1.145,43.4292,,,0.0,0.0,0.0,0.41,0.3583,,0.0,0.0,0.0,0.666,11.0152,0.0,0.0,0.0,0.0,0.39,1.4703,0.0,,,,0.0
2006-03-13 07:00:00,0.0,0.56,7.5659,0.0,0.56,7.5659,0.0,1.126,41.7908,,,0.0,0.0,0.0,0.41,0.3583,,0.0,0.0,0.0,0.658,10.721,0.0,0.0,0.0,0.0,0.39,1.4703,0.0,,,,0.0
2006-03-13 08:00:00,0.0,0.554,7.3787,0.0,0.554,7.3787,0.0,1.116,40.9388,,,0.0,0.0,0.0,0.4,0.3448,,0.0,0.0,0.0,0.714,12.8482,0.0,0.0,0.0,0.0,0.38,1.3784,0.0,,,,0.0
2006-03-13 09:00:00,0.0,0.548,7.1936,0.0,0.548,7.1936,0.0,1.103,39.842,,,0.0,0.0,0.0,0.39,0.3316,,0.0,0.0,0.0,0.765,14.92,0.0,0.0,0.0,0.0,0.38,1.3784,0.0,,,,0.0
2006-03-13 10:00:00,0.0,0.538,6.8896,0.0,0.538,6.8896,0.0,1.123,41.5345,,,0.0,0.0,0.0,0.38,0.3185,,0.0,0.0,0.0,0.74,13.8886,0.0,0.0,0.0,0.0,0.37,1.2899,0.0,,,,0.0
2006-03-13 11:00:00,0.0,0.533,6.7399,0.0,0.533,6.7399,0.0,1.127,41.8764,,,0.0,0.0,0.0,0.37,0.3056,,0.0,0.0,0.0,0.714,12.8482,0.0,0.0,0.0,0.2,0.37,1.2899,0.0,,,,0.0
2006-03-13 12:00:00,0.0,0.525,6.5033,0.0,0.525,6.5033,0.0,1.11,40.4311,,,0.0,0.0,0.0,0.36,0.2929,,0.2,0.0,0.0,0.696,12.1473,0.0,0.0,0.0,0.0,0.37,1.2899,0.0,,,,0.0
2006-03-13 13:00:00,0.0,0.518,6.2993,0.0,0.518,6.2993,0.0,1.091,38.8406,,0.0,0.0,0.0,0.0,0.36,0.2929,,0.0,0.0,0.0,0.684,11.689,0.0,0.0,0.0,0.0,0.36,1.2047,0.0,,,,0.0
2006-03-13 14:00:00,0.0,0.511,6.0983,0.0,0.511,6.0983,0.0,1.08,37.9319,,0.0,0.0,0.0,0.0,0.35,0.2804,,0.0,0.0,0.0,0.678,11.4626,0.0,0.0,0.0,0.0,0.36,1.2047,0.0,,,,0.0
2006-03-13 15:00:00,0.0,0.506,5.9565,0.0,0.506,5.9565,0.0,1.066,36.7886,,0.0,0.0,0.0,0.0,0.34,0.2681,,0.0,0.0,0.0,0.671,11.2008,0.0,0.0,0.0,0.0,0.35,1.1229,0.0,,,,0.0
2006-03-13 16:00:00,0.0,0.502,5.8441,0.0,0.502,5.8441,0.0,1.058,36.142,,0.0,0.0,0.0,0.0,0.34,0.2681,,0.0,0.0,0.0,0.668,11.0893,0.0,0.0,0.0,0.0,0.35,1.1229,0.0,,,,0.0
2006-03-13 17:00:00,0.0,0.496,5.6773,0.0,0.496,5.6773,0.0,1.047,35.261,,0.0,0.0,0.0,0.0,0.33,0.2559,,0.0,0.0,0.0,0.666,11.0152,0.0,0.0,0.0,0.0,0.35,1.1229,0.0,,,,0.0
2006-03-13 18:00:00,0.0,0.49,5.5127,0.0,0.49,5.5127,0.0,1.038,34.5471,,0.0,0.0,0.0,0.0,0.32,0.244,,0.0,0.0,0.0,0.662,10.8677,0.0,0.0,0.0,0.0,0.34,1.0444,0.0,,,,0.0
2006-03-13 19:00:00,0.0,0.484,5.3503,0.0,0.484,5.3503,0.0,1.034,34.2319,,0.0,0.0,0.0,0.0,0.32,0.244,,0.0,0.0,0.0,0.662,10.8677,0.0,0.0,0.0,0.0,0.34,1.0444,0.0,,,,0.0
2006-03-13 20:00:00,0.0,0.48,5.2432,0.0,0.48,5.2432,0.0,1.022,33.2939,,0.0,0.0,0.0,0.0,0.31,0.2323,,0.0,0.0,0.0,0.66,10.7943,0.0,0.0,0.0,0.0,0.34,1.0444,0.0,,,,0.0
2006-03-13 21:00:00,0.0,0.474,5.0845,0.0,0.474,5.0845,0.0,1.018,32.9837,,0.0,0.0,0.0,0.0,0.3,0.2208,,0.0,0.0,0.0,0.656,10.648,0.0,0.0,0.0,0.0,0.33,0.9691,0.0,,,,0.0
2006-03-13 22:00:00,0.0,0.472,5.0321,0.0,0.472,5.0321,0.0,1.008,32.2141,,0.0,0.0,0.0,0.0,0.3,0.2208,,0.0,0.0,0.0,0.652,10.5025,0.0,0.0,0.0,0.0,0.33,0.9691,0.0,,,,0.0
2006-03-13 23:00:00,0.0,0.465,4.8505,0.0,0.465,4.8505,0.0,1.002,31.7562,,0.0,0.0,0.0,0.0,0.29,0.2095,,0.0,0.0,0.0,0.65,10.4301,0.0,0.0,0.0,0.0,0.33,0.9691,0.0,,,,0.0
2006-03-14 00:00:00,0.0,0.458,4.672,0.0,0.458,4.672,0.0,0.996,31.3013,,0.0,0.0,0.0,0.0,0.29,0.2095,,0.0,0.0,0.0,0.648,10.3579,0.0,0.0,0.0,0.0,0.32,0.8971,0.0,,,,0.0
2006-03-14 01:00:00,0.0,0.455,4.5965,0.0,0.455,4.5965,0.0,0.988,30.6993,,0.0,0.0,0.0,0.0,0.29,0.2095,,0.0,0.0,0.0,0.645,10.25,0.0,0.0,0.0,0.0,0.32,0.8971,0.0,,,,0.0
2006-03-14 02:00:00,0.0,0.452,4.5215,0.0,0.452,4.5215,0.0,0.984,30.4003,,0.0,0.0,0.0,0.0,0.28,0.1984,,0.0,0.0,0.0,0.644,10.2141,0.0,0.0,0.0,0.0,0.32,0.8971,0.0,,,,0.0
2006-03-14 03:00:00,0.0,0.45,4.4718,0.0,0.45,4.4718,0.0,0.977,29.8803,,0.0,0.0,0.0,0.0,0.28,0.1984,,0.0,0.0,0.0,0.642,10.1425,0.0,0.0,0.0,0.0,0.32,0.8971,0.0,,,,0.0
2006-03-14 04:00:00,0.0,0.446,4.3732,0.0,0.446,4.3732,0.0,0.968,29.2179,,0.0,0.0,0.0,0.0,0.27,0.1875,,0.0,0.0,0.0,0.64,10.0711,0.0,0.0,0.0,0.0,0.31,0.8283,0.0,,,,0.0
2006-03-14 05:00:00,0.0,0.442,4.2756,0.0,0.442,4.2756,0.0,0.967,29.1447,,0.0,0.0,0.0,0.0,0.27,0.1875,,0.0,0.0,0.0,0.638,9.9999,0.0,0.0,0.0,0.0,0.31,0.8283,0.0,,,,0.0
2006-03-14 06:00:00,0.0,0.438,4.1791,0.0,0.438,4.1791,0.0,0.956,28.3453,,0.0,0.0,0.0,0.0,0.27,0.1875,,0.0,0.0,0.0,0.638,9.9999,0.0,0.0,0.0,0.0,0.31,0.8283,0.0,,,,0.0
2006-03-14 07:00:00,0.0,0.434,4.0835,0.0,0.434,4.0835,0.0,0.954,28.2011,,0.0,0.0,0.0,0.0,0.26,0.1769,,0.0,0.0,0.0,0.632,9.7876,0.0,0.0,0.0,0.0,0.31,0.8283,0.0,,,,0.0
2006-03-14 08:00:00,0.0,0.432,4.0361,0.0,0.432,4.0361,0.0,0.949,27.8421,,0.0,0.0,0.0,0.0,0.26,0.1769,,0.0,0.0,0.0,0.631,9.7524,0.0,0.0,0.0,0.0,0.3,0.7627,0.0,,,,0.0
2006-03-14 09:00:00,0.0,0.432,4.0361,0.0,0.432,4.0361,0.0,0.948,27.7705,,0.0,0.0,0.0,0.0,0.26,0.1769,,0.0,0.0,0.0,0.565,7.5468,0.0,0.0,0.0,0.0,0.3,0.7627,0.0,,,,0.0
2006-03-14 10:00:00,0.0,0.429,3.9657,0.0,0.429,3.9657,0.0,0.938,27.0599,,0.0,0.0,0.0,0.0,0.25,0.1664,,0.0,0.0,0.0,0.415,3.4792,0.0,0.0,0.0,0.0,0.3,0.7627,0.0,,,,0.0
2006-03-14 11:00:00,0.0,0.426,3.8962,0.0,0.426,3.8962,0.0,0.926,26.2188,,0.0,0.0,0.0,0.0,0.25,0.1664,,0.0,0.0,0.0,0.404,3.2507,0.0,0.0,0.0,0.0,0.3,0.7627,0.0,,,,0.0
2006-03-14 12:00:00,0.0,0.423,3.8272,0.0,0.423,3.8272,0.0,0.862,21.9536,,0.0,0.0,0.0,0.0,0.25,0.1664,,0.0,0.0,0.0,0.4,3.1699,0.0,0.0,0.0,0.0,0.31,0.8283,0.0,,,,0.0
2006-03-14 13:00:00,0.0,0.419,3.7359,0.0,0.419,3.7359,0.0,0.846,20.9472,,0.0,0.0,0.0,0.0,0.24,0.1562,,0.0,0.0,0.0,0.399,3.1499,0.0,0.0,0.0,0.0,0.31,0.8283,,,,,0.0
2006-03-14 14:00:00,0.0,0.412,3.5786,0.0,0.412,3.5786,0.0,0.842,20.6995,,0.0,0.0,0.0,0.0,0.24,0.1562,,0.0,0.0,0.0,0.386,2.8971,0.0,0.0,0.0,0.0,0.31,0.8283,,,,,0.0
2006-03-14 15:00:00,0.0,0.414,3.6232,0.0,0.414,3.6232,0.0,0.836,20.3307,,0.0,0.0,0.0,0.0,0.24,0.1562,,0.0,0.0,0.0,0.386,2.8971,0.0,0.0,0.0,0.0,0.31,0.8283,,,,,0.0
2006-03-14 16:00:00,0.0,0.414,3.6232,0.0,0.414,3.6232,0.0,0.83,19.9655,,0.0,0.0,0.0,0.0,0.24,0.1562,,0.0,0.0,0.0,0.384,2.8594,0.0,0.0,0.0,0.0,0.31,0.8283,,,,,0.0
2006-03-14 17:00:00,0.0,0.408,3.4901,0.0,0.408,3.4901,0.0,0.826,19.7239,,0.0,0.0,0.0,0.0,0.23,0.1463,,0.0,0.0,0.0,0.38,2.7848,0.0,0.0,0.0,0.0,0.31,0.8283,,,,,0.0
2006-03-14 18:00:00,0.0,0.408,3.4901,0.0,0.408,3.4901,0.0,0.818,19.2455,,0.0,0.0,0.0,0.0,0.23,0.1463,,0.0,0.0,0.0,0.38,2.7848,0.0,0.0,0.0,0.0,0.31,0.8283,,,,,0.0
2006-03-14 19:00:00,0.0,0.406,3.4463,0.0,0.406,3.4463,0.0,0.816,19.1269,,0.0,0.0,0.0,0.0,0.23,0.1463,,0.0,0.0,0.0,0.484,5.17,0.0,0.0,0.0,0.0,0.3,0.7627,,,,,0.0
2006-03-14 20:00:00,0.0,0.404,3.4027,0.0,0.404,3.4027,0.0,0.809,18.7148,,0.0,0.0,0.0,0.0,0.23,0.1463,,0.0,0.0,0.0,0.508,5.8349,0.0,0.0,0.0,0.0,0.3,0.7627,,,,,0.0
2006-03-14 21:00:00,0.0,0.403,3.381,0.0,0.403,3.381,0.0,0.812,18.8908,,0.0,0.0,0.0,0.0,0.23,0.1463,,0.0,0.0,0.0,0.51,5.8918,0.0,0.0,0.0,0.0,0.3,0.7627,,,,,0.0
2006-03-14 22:00:00,0.0,0.4,3.3164,0.0,0.4,3.3164,0.0,0.843,20.7612,,0.0,0.0,0.0,0.0,0.22,0.1365,,0.0,0.0,0.0,0.51,5.8918,0.0,0.0,0.0,0.0,0.3,0.7627,,,,,0.0
2006-03-14 23:00:00,0.0,0.4,3.3164,0.0,0.4,3.3164,0.0,0.846,20.9472,,0.0,0.0,0.0,0.0,0.22,0.1365,,0.0,0.0,0.0,0.51,5.8918,0.0,0.0,0.0,0.0,0.29,0.7003,,,,,0.0
2006-03-15 00:00:00,0.0,0.396,3.2312,0.0,0.396,3.2312,0.0,0.839,20.5146,,0.0,0.0,0.0,0.0,0.22,0.1365,,0.0,0.0,0.0,0.508,5.8349,0.0,0.0,0.0,0.0,0.29,0.7003,,,,,0.0
2006-03-15 01:00:00,0.0,0.392,3.1472,0.0,0.392,3.1472,0.0,0.836,20.3307,,0.0,0.0,0.0,0.0,0.22,0.1365,,0.0,0.0,0.0,0.508,5.8349,0.0,0.0,0.0,0.0,0.29,0.7003,,,,,0.0
2006-03-15 02:00:00,0.0,0.39,3.1056,0.0,0.39,3.1056,0.0,0.835,20.2696,,0.0,0.0,0.0,0.0,0.21,0.127,,0.0,0.0,0.0,0.506,5.7782,0.0,0.0,0.0,0.0,0.29,0.7003,,,,,0.0
2006-03-15 03:00:00,0.0,0.388,3.0643,0.0,0.388,3.0643,0.0,0.828,19.8445,,0.0,0.0,0.0,0.0,0.21,0.127,,0.0,0.0,0.0,0.506,5.7782,0.0,0.0,0.0,0.0,0.29,0.7003,,,,,0.0
2006-03-15 04:00:00,0.0,0.382,2.9424,0.0,0.382,2.9424,0.0,0.828,19.8445,,0.0,0.0,0.0,0.0,0.21,0.127,,0.0,0.0,0.0,0.506,5.7782,0.0,0.0,0.0,0.0,0.28,0.641,,,,,0.0
2006-03-15 05:00:00,0.0,0.38,2.9023,0.0,0.38,2.9023,0.0,0.822,19.4839,,0.0,0.0,0.0,0.0,0.21,0.127,,0.0,0.0,0.0,0.505,5.7499,0.0,0.0,0.0,0.0,0.28,0.641,,,,,0.0
2006-03-15 06:00:00,0.0,0.381,2.9223,0.0,0.381,2.9223,0.0,0.818,19.2455,,0.0,0.0,0.0,0.0,0.21,0.127,,0.0,0.0,0.0,0.504,5.7217,0.0,0.0,0.0,0.0,0.28,0.641,,,,,0.0
2006-03-15 07:00:00,0.0,0.38,2.9023,0.0,0.38,2.9023,0.0,0.817,19.1862,,0.0,0.0,0.0,0.0,0.21,0.127,,0.0,0.0,0.0,0.504,5.7217,0.0,0.0,0.0,0.0,0.28,0.641,,,,,0.0
2006-03-15 08:00:00,0.0,0.376,2.8232,0.0,0.376,2.8232,0.0,0.812,18.8908,,0.0,0.0,0.0,0.0,0.2,0.1178,,0.0,0.0,0.0,0.502,5.6655,0.0,0.0,0.0,0.0,0.28,0.641,,,,,0.0
2006-03-15 09:00:00,0.0,0.378,2.8626,0.0,0.378,2.8626,0.0,0.812,18.8908,,0.0,0.0,0.0,0.0,0.2,0.1178,,0.0,0.0,0.0,0.523,6.2675,0.0,0.0,0.0,0.0,0.28,0.641,,,,,0.0
2006-03-15 10:00:00,0.0,0.356,2.4466,0.0,0.356,2.4466,0.0,0.808,18.6564,,0.0,0.0,0.0,0.0,0.2,0.1178,,0.0,0.0,0.0,0.604,8.8219,0.0,0.0,0.0,0.0,0.28,0.641,,,,,0.0
2006-03-15 11:00:00,0.0,0.354,2.4107,0.0,0.354,2.4107,0.0,0.805,18.4816,,0.0,0.0,0.0,0.0,0.2,0.1178,,0.0,0.0,0.0,0.606,8.8895,0.0,,0.0,0.0,0.27,0.5848,,,,,0.0
2006-03-15 13:00:00,0.0,0.352,2.3752,0.0,0.352,2.3752,0.0,0.846,20.9472,,0.0,0.0,0.0,0.0,0.19,0.1088,,0.0,0.0,0.0,0.604,8.8219,0.0,0.0,0.0,0.0,0.27,0.5848,,,,,0.0
2006-03-15 14:00:00,0.0,0.35,2.3399,0.0,0.35,2.3399,0.0,0.846,20.9472,,0.0,0.0,0.0,0.0,0.19,0.1088,,0.0,0.0,0.0,0.602,8.7545,0.0,0.0,0.0,0.0,0.27,0.5848,,,,,0.0
2006-03-15 15:00:00,0.0,0.344,2.2362,0.0,0.344,2.2362,0.0,0.838,20.4532,,0.0,0.0,0.0,0.0,0.19,0.1088,,0.0,0.0,0.0,0.602,8.7545,0.0,0.0,0.0,0.0,0.27,0.5848,,,,,0.0
2006-03-15 16:00:00,0.0,0.34,2.1687,0.0,0.34,2.1687,0.0,0.842,20.6995,,0.0,0.0,0.0,0.0,0.19,0.1088,,0.0,0.0,0.0,0.602,8.7545,0.0,0.0,0.0,0.0,0.27,0.5848,,,,,0.0
2006-03-15 17:00:00,0.0,0.341,2.1855,0.0,0.341,2.1855,0.0,0.836,20.3307,,0.0,0.0,0.0,0.0,0.19,0.1088,,0.0,0.0,0.0,0.602,8.7545,0.0,0.0,0.0,0.0,0.27,0.5848,,,,,0.0
2006-03-15 18:00:00,0.0,0.34,2.1687,0.0,0.34,2.1687,0.0,0.834,20.2086,,0.0,0.0,0.0,0.0,0.19,0.1088,,0.0,0.0,0.0,0.602,8.7545,0.0,0.0,0.0,0.0,0.27,0.5848,,,,,0.0
2006-03-15 19:00:00,0.0,0.338,2.1355,0.0,0.338,2.1355,0.0,0.834,20.2086,,0.0,0.0,0.0,0.0,0.19,0.1088,,0.0,0.0,0.0,0.602,8.7545,0.0,0.0,0.0,0.0,0.27,0.5848,,,,,0.0
2006-03-15 20:00:00,0.0,0.338,2.1355,0.0,0.338,2.1355,0.0,0.829,19.9049,,0.0,0.0,0.0,0.0,0.19,0.1088,,0.0,0.0,0.0,0.602,8.7545,0.0,0.0,0.0,0.0,0.26,0.5316,,,,,0.0
2006-03-15 21:00:00,0.0,0.336,2.1025,0.0,0.336,2.1025,0.0,0.83,19.9655,,0.0,0.0,0.0,0.0,0.18,0.1,,0.0,0.0,0.0,0.601,8.7209,0.0,0.0,0.0,0.0,0.26,0.5316,,,,,0.0
2006-03-15 22:00:00,0.0,0.334,2.0699,0.0,0.334,2.0699,0.0,0.826,19.7239,,0.0,0.0,0.0,0.0,0.18,0.1,,0.0,0.0,0.0,0.6,8.6874,0.0,0.0,0.0,0.0,0.26,0.5316,,,,,0.0
2006-03-15 23:00:00,0.0,0.33,2.0057,0.0,0.33,2.0057,0.0,0.825,19.6638,,0.0,0.0,0.0,0.0,0.18,0.1,,0.0,0.0,0.0,0.6,8.6874,0.0,0.0,0.0,0.0,0.26,0.5316,,,,,0.0
2006-03-16 00:00:00,0.0,0.328,1.9741,0.0,0.328,1.9741,0.0,0.824,19.6037,,0.0,0.0,0.0,0.0,0.18,0.1,,0.0,0.0,0.0,0.6,8.6874,0.0,0.0,0.0,0.0,0.26,0.5316,,,,,0.0
2006-03-16 01:00:00,0.0,0.326,1.9428,0.0,0.326,1.9428,0.0,0.818,19.2455,,0.0,0.0,0.0,0.0,0.18,0.1,,0.0,0.0,0.0,0.6,8.6874,0.0,0.0,0.0,0.0,0.26,0.5316,,,,,0.0
2006-03-16 02:00:00,0.0,0.32,1.8508,0.0,0.32,1.8508,0.0,0.82,19.3645,,0.0,0.0,0.0,0.0,0.18,0.1,,0.0,0.0,0.0,0.598,8.6204,0.0,0.0,0.0,0.0,0.26,0.5316,,,,,0.0
2006-03-16 03:00:00,0.0,0.324,1.9118,0.0,0.324,1.9118,0.0,0.815,19.0677,,0.0,0.0,0.0,0.0,0.18,0.1,,0.0,0.0,0.0,0.598,8.6204,0.0,0.0,0.0,0.0,0.25,0.4814,,,,,0.0
2006-03-16 04:00:00,0.0,0.321,1.8659,0.0,0.321,1.8659,0.0,0.814,19.0087,,0.0,0.0,0.0,0.0,0.18,0.1,,0.0,0.0,0.0,0.598,8.6204,0.0,0.0,0.0,0.0,0.25,0.4814,,,,,0.0
2006-03-16 05:00:00,0.0,0.322,1.8811,0.0,0.322,1.8811,0.0,0.813,18.9497,,0.0,0.0,0.0,0.0,0.17,0.0915,,0.0,0.0,0.0,0.596,8.5537,0.0,0.0,0.0,0.0,0.25,0.4814,,,,,0.0
2006-03-16 06:00:00,0.0,0.32,1.8508,0.0,0.32,1.8508,0.0,0.808,18.6564,,0.0,0.0,0.0,0.0,0.17,0.0915,,0.0,0.0,0.0,0.596,8.5537,0.0,0.0,0.0,0.0,0.25,0.4814,,,,,0.0
2006-03-16 07:00:00,0.0,0.318,1.8207,0.0,0.318,1.8207,0.0,0.81,18.7734,,0.0,0.0,0.0,0.0,0.17,0.0915,,0.0,0.0,0.0,0.594,8.4871,0.0,0.0,0.0,0.0,0.25,0.4814,,,,,0.0
2006-03-16 08:00:00,0.0,0.322,1.8811,0.0,0.322,1.8811,0.0,0.802,18.3077,,0.0,0.0,0.0,0.0,0.17,0.0915,,0.0,0.0,0.0,0.592,8.4208,0.0,0.0,0.0,0.0,0.25,0.4814,,,,,0.0
2006-03-16 09:00:00,0.0,0.32,1.8508,0.0,0.32,1.8508,0.0,0.806,18.5397,,0.0,0.0,0.0,0.0,0.17,0.0915,,0.0,0.0,0.0,0.57,7.7056,0.0,0.0,0.0,0.0,0.25,0.4814,,,,,0.0
2006-03-16 10:00:00,0.0,0.32,1.8508,0.0,0.32,1.8508,0.0,0.8,18.1922,,0.0,0.0,0.0,0.0,0.17,0.0915,,0.0,0.0,0.0,0.362,2.464,0.0,0.0,0.0,0.0,0.24,0.4343,,,,,0.0
2006-03-16 11:00:00,0.0,0.318,1.8207,0.0,0.318,1.8207,0.0,0.798,18.0772,,0.0,0.0,0.0,0.0,0.17,0.0915,,0.0,0.0,0.0,0.329,1.9371,0.0,0.0,0.0,0.0,0.24,0.4343,,,,,0.0
2006-03-16 12:00:00,0.0,0.316,1.791,0.0,0.316,1.791,0.0,0.749,15.3844,,0.0,0.0,0.0,0.0,0.17,0.0915,,0.0,0.0,0.0,0.322,1.8352,0.0,0.0,0.0,0.0,0.25,0.4814,,,,,0.0
2006-03-16 13:00:00,0.0,0.316,1.791,0.0,0.316,1.791,0.0,0.696,12.7487,,0.0,0.0,0.0,0.0,0.17,0.0915,,0.0,0.0,0.0,0.32,1.8067,0.0,0.0,0.0,0.0,0.25,0.4814,,,,,0.0
2006-03-16 14:00:00,0.0,0.316,1.791,0.0,0.316,1.791,0.0,0.686,12.2841,,0.0,0.0,0.0,0.0,0.16,0.0833,,0.0,0.0,0.0,0.318,1.7784,0.0,0.0,0.0,0.0,0.25,0.4814,,,,,0.0
